"","Rk","Player","Pos","Age","Tm","G","GS","MP","FG","FGA","FG%","3P","3PA","3P%","2P","2PA","2P%","eFG%","FT","FTA","FT%","ORB","DRB","TRB","AST","STL","BLK","TOV","PF","PTS"
"1","1","Precious Achiuwa","C","23","TOR","8","0","178","24","63",".381","4","21",".190","20","42",".476",".413","19","23",".826","13","49","62","10","1","3","10","12","71"
"2","2","Steven Adams","C","29","MEM","8","8","215","22","38",".579","0","0","","22","38",".579",".579","6","21",".286","31","50","81","19","5","12","17","20","50"
"3","3","Bam Adebayo","C","25","MIA","9","9","315","63","117",".538","0","2",".000","63","115",".548",".538","35","41",".854","20","54","74","31","11","9","31","32","161"
"4","4","Ochai Agbaji","SG","22","UTA","4","0","59","8","19",".421","0","6",".000","8","13",".615",".421","4","7",".571","4","4","8","1","0","0","0","5","20"
"5","5","Santi Aldama","PF","22","MEM","8","8","235","29","66",".439","8","28",".286","21","38",".553",".500","13","19",".684","17","33","50","7","5","10","5","23","79"
"6","6","Nickeil Alexander-Walker","SG","24","UTA","5","0","39","7","16",".438","3","9",".333","4","7",".571",".531","3","4",".750","0","3","3","9","4","2","2","6","20"
"7","7","Grayson Allen","SG","27","MIL","7","7","182","18","54",".333","11","35",".314","7","19",".368",".435","14","16",".875","4","18","22","18","5","0","9","9","61"
"8","8","Jarrett Allen","C","24","CLE","7","7","231","36","66",".545","0","2",".000","36","64",".563",".545","14","19",".737","30","54","84","9","1","8","9","15","86"
"9","9","Jose Alvarado","PG","24","NOP","7","2","146","24","49",".490","11","26",".423","13","23",".565",".602","3","4",".750","1","13","14","19","6","1","11","11","62"
"10","10","Kyle Anderson","PF","29","MIN","4","0","49","1","3",".333","0","1",".000","1","2",".500",".333","5","6",".833","3","8","11","5","1","1","2","3","7"
"11","11","Giannis Antetokounmpo","PF","28","MIL","7","7","234","87","153",".569","6","25",".240","81","128",".633",".588","55","83",".663","16","73","89","35","8","12","21","20","235"
"12","12","Thanasis Antetokounmpo","SF","30","MIL","2","0","6","0","0","","0","0","","0","0","","","0","0","","0","1","1","0","0","0","0","0","0"
"13","13","Cole Anthony","PG","22","ORL","4","3","122","22","53",".415","7","20",".350","15","33",".455",".481","11","15",".733","3","16","19","17","3","3","8","14","62"
"14","14","OG Anunoby","SF","25","TOR","8","8","273","40","87",".460","14","38",".368","26","49",".531",".540","19","23",".826","8","42","50","15","23","8","15","29","113"
"15","15","Ryan Arcidiacono","PG","28","NYK","1","0","2","0","0","","0","0","","0","0","","","0","0","","0","0","0","0","0","0","0","1","0"
"16","16","Deni Avdija","SF","22","WAS","8","6","148","13","32",".406","5","13",".385","8","19",".421",".484","8","10",".800","2","29","31","10","4","7","4","24","39"
"17","17","Deandre Ayton","C","24","PHO","5","5","130","34","62",".548","1","3",".333","33","59",".559",".556","8","11",".727","10","31","41","10","3","2","13","19","77"
"18","18","Udoka Azubuike","C","23","UTA","2","0","12","2","3",".667","0","0","","2","3",".667",".667","0","0","","0","5","5","0","2","1","1","1","4"
"19","19","Patrick Baldwin Jr.","SF","20","GSW","1","0","1","0","0","","0","0","","0","0","","","0","0","","0","0","0","0","0","0","0","0","0"
"20","20","Mo Bamba","C","24","ORL","8","0","107","16","38",".421","5","19",".263","11","19",".579",".487","3","5",".600","5","22","27","6","1","5","6","16","40"
"21","21","Paolo Banchero","PF","20","ORL","8","8","270","59","134",".440","9","32",".281","50","102",".490",".474","47","63",".746","8","53","61","29","5","8","22","17","174"
"22","22","Desmond Bane","SG","24","MEM","7","7","235","56","127",".441","30","64",".469","26","63",".413",".559","32","37",".865","4","32","36","35","5","3","16","17","174"
"23","23","Dalano Banton","PG","23","TOR","8","0","67","13","25",".520","5","11",".455","8","14",".571",".620","2","2","1.000","2","5","7","4","2","3","2","4","33"
"24","24","Dominick Barlow","SF","19","SAS","1","0","10","1","3",".333","0","2",".000","1","1","1.000",".333","0","0","","0","1","1","3","0","0","0","2","2"
"25","25","Harrison Barnes","PF","30","SAC","7","7","231","24","62",".387","4","23",".174","20","39",".513",".419","28","35",".800","7","33","40","16","3","1","8","10","80"
"26","26","Scottie Barnes","PF","21","TOR","7","7","204","43","82",".524","12","25",".480","31","57",".544",".598","10","13",".769","8","31","39","31","7","4","13","11","108"
"27","27","RJ Barrett","SG","22","NYK","7","7","244","48","118",".407","9","38",".237","39","80",".488",".445","20","25",".800","9","31","40","18","1","2","14","14","125"
"28","28","Will Barton","SG","32","WAS","8","0","196","28","65",".431","12","28",".429","16","37",".432",".523","8","9",".889","3","19","22","18","6","2","10","13","76"
"29","29","Charles Bassey","C","22","SAS","1","0","12","3","5",".600","1","2",".500","2","3",".667",".700","2","2","1.000","1","3","4","0","0","2","0","1","9"
"30","30","Keita Bates-Diop","SF","27","SAS","8","2","95","24","45",".533","4","11",".364","20","34",".588",".578","11","12",".917","5","10","15","4","1","0","11","4","63"
"31","31","Nicolas Batum","PF","34","LAC","8","1","137","12","26",".462","6","17",".353","6","9",".667",".577","5","7",".714","5","22","27","11","5","8","6","20","35"
"32","32","Darius Bazley","PF","22","OKC","7","0","128","20","43",".465","4","11",".364","16","32",".500",".512","4","9",".444","11","26","37","9","3","10","5","8","48"
"33","33","Bradley Beal","SG","29","WAS","8","8","287","66","125",".528","11","34",".324","55","91",".604",".572","31","34",".912","6","23","29","48","6","6","24","17","174"
"34","34","Malik Beasley","SG","26","UTA","9","0","228","38","92",".413","21","53",".396","17","39",".436",".527","7","8",".875","8","20","28","10","9","2","5","5","104"
"35","35","MarJon Beauchamp","SF","22","MIL","4","0","29","2","7",".286","1","5",".200","1","2",".500",".357","3","4",".750","1","4","5","1","2","1","4","3","8"
"36","36","Patrick Beverley","PG","34","LAL","7","7","194","8","31",".258","4","21",".190","4","10",".400",".323","12","12","1.000","7","20","27","20","9","4","8","21","32"
"37","37","Saddiq Bey","SF","23","DET","9","9","284","44","98",".449","17","49",".347","27","49",".551",".536","39","44",".886","11","33","44","13","6","3","14","17","144"
"38","38","Khem Birch","C","30","TOR","4","0","34","3","5",".600","1","1","1.000","2","4",".500",".700","2","2","1.000","3","2","5","1","3","1","1","8","9"
"39","39","Goga Bitadze","C","23","IND","7","0","98","13","23",".565","1","6",".167","12","17",".706",".587","7","14",".500","12","14","26","11","4","4","4","16","34"
"40","40","Bismack Biyombo","C","30","PHO","5","2","83","10","14",".714","0","0","","10","14",".714",".714","4","7",".571","5","19","24","4","0","11","4","12","24"
"41","41","Buddy Boeheim","PG","23","DET","1","0","1","0","0","","0","0","","0","0","","","0","0","","0","0","0","0","0","0","0","0","0"
"42","42","Bojan Bogdanović","PF","33","DET","9","9","284","64","123",".520","33","66",".500","31","57",".544",".654","35","37",".946","5","26","31","19","4","0","16","19","196"
"43","43","Bol Bol","PF","23","ORL","8","3","173","36","55",".655","3","9",".333","33","46",".717",".682","14","17",".824","15","44","59","3","1","21","15","13","89"
"44","44","Leandro Bolmaro","SG","22","UTA","2","0","16","1","3",".333","0","1",".000","1","2",".500",".333","0","0","","1","0","1","2","0","1","1","3","2"
"45","45","Devin Booker","SG","26","PHO","7","7","253","70","139",".504","15","43",".349","55","96",".573",".558","39","46",".848","5","22","27","38","6","2","18","16","194"
"46","46","Brandon Boston Jr.","SG","21","LAC","5","0","16","5","10",".500","2","3",".667","3","7",".429",".600","1","2",".500","1","1","2","0","0","0","0","1","13"
"47","47","Chris Boucher","PF","30","TOR","5","0","97","23","36",".639","9","16",".563","14","20",".700",".764","4","7",".571","6","14","20","4","5","6","4","16","59"
"48","48","James Bouknight","SG","22","CHO","8","0","141","16","55",".291","10","35",".286","6","20",".300",".382","5","8",".625","0","16","16","8","2","1","7","13","47"
"49","49","Tony Bradley","C","25","CHI","2","0","6","0","1",".000","0","1",".000","0","0","",".000","0","0","","1","2","3","0","0","0","0","0","0"
"50","50","Malaki Branham","SF","19","SAS","2","0","42","5","18",".278","3","10",".300","2","8",".250",".361","5","6",".833","2","2","4","5","0","0","1","2","18"
"51","51","Christian Braun","SG","21","DEN","7","0","124","13","28",".464","4","12",".333","9","16",".563",".536","2","4",".500","7","13","20","8","4","2","4","7","32"
"52","52","Mikal Bridges","SF","26","PHO","7","7","250","43","67",".642","7","15",".467","36","52",".692",".694","18","21",".857","12","26","38","22","4","9","10","19","111"
"53","53","Oshae Brissett","SF","24","IND","4","0","27","1","7",".143","1","5",".200","0","2",".000",".214","0","0","","1","2","3","0","0","0","2","2","3"
"54","54","Malcolm Brogdon","PG","30","BOS","7","0","162","33","71",".465","9","24",".375","24","47",".511",".528","20","21",".952","6","17","23","25","4","0","12","11","95"
"55","55","Dillon Brooks","SG","27","MEM","5","5","139","27","68",".397","11","27",".407","16","41",".390",".478","8","12",".667","1","9","10","8","4","0","7","14","73"
"56","56","Bruce Brown","PG","26","DEN","7","3","194","30","60",".500","11","24",".458","19","36",".528",".592","3","6",".500","8","13","21","24","4","2","10","11","74"
"57","57","Greg Brown III","PF","21","POR","3","0","13","4","5",".800","0","0","","4","5",".800",".800","0","3",".000","0","0","0","0","1","1","1","0","8"
"58","58","Jaylen Brown","SF","26","BOS","7","7","263","66","147",".449","18","54",".333","48","93",".516",".510","32","38",".842","7","41","48","21","8","6","21","20","182"
"59","59","Moses Brown","C","23","LAC","5","0","24","8","11",".727","0","0","","8","11",".727",".727","2","5",".400","3","6","9","0","0","3","0","4","18"
"60","60","Troy Brown Jr.","SF","23","LAL","5","3","135","17","40",".425","5","17",".294","12","23",".522",".488","6","6","1.000","5","28","33","6","3","0","5","11","45"
"61","61","Jalen Brunson","PG","26","NYK","7","7","236","50","104",".481","9","28",".321","41","76",".539",".524","20","27",".741","2","24","26","48","8","2","13","19","129"
"62","62","Reggie Bullock","SF","31","DAL","7","7","226","15","40",".375","13","33",".394","2","7",".286",".538","3","5",".600","4","16","20","6","6","1","5","21","46"
"63","63","Jimmy Butler","SF","33","MIA","8","8","284","54","115",".470","9","23",".391","45","92",".489",".509","55","63",".873","17","34","51","44","12","2","13","9","172"
"64","64","Kentavious Caldwell-Pope","SG","29","DEN","6","6","189","23","51",".451","16","30",".533","7","21",".333",".608","6","6","1.000","3","21","24","20","7","3","7","14","68"
"65","65","Facundo Campazzo","PG","31","DAL","2","0","16","1","4",".250","1","3",".333","0","1",".000",".375","0","0","","0","0","0","3","3","0","0","1","3"
"66","66","Vlatko Čančar","PF","25","DEN","3","0","6","0","1",".000","0","0","","0","1",".000",".000","0","0","","0","0","0","0","0","0","1","0","0"
"67","67","Clint Capela","C","28","ATL","8","8","210","30","54",".556","0","0","","30","54",".556",".556","7","13",".538","26","45","71","6","7","12","7","13","67"
"68","68","Vernon Carey Jr.","C","21","WAS","1","0","1","0","0","","0","0","","0","0","","","0","0","","0","0","0","0","0","0","0","0","0"
"69","69","Jevon Carter","PG","27","MIL","7","7","165","10","35",".286","5","23",".217","5","12",".417",".357","2","2","1.000","6","11","17","12","13","3","7","20","27"
"70","70","Wendell Carter Jr.","C","23","ORL","8","8","261","45","91",".495","7","26",".269","38","65",".585",".533","32","39",".821","21","55","76","22","6","3","17","27","129"
"71","71","Alex Caruso","PG","28","CHI","9","4","217","14","38",".368","8","22",".364","6","16",".375",".474","12","16",".750","5","20","25","31","14","8","15","17","48"
"72","72","Justin Champagnie","SF","21","TOR","2","0","9","3","3","1.000","0","0","","3","3","1.000","1.000","0","0","","1","2","3","0","0","0","0","1","6"
"73","73","Kennedy Chandler","PG","20","MEM","4","0","35","3","9",".333","0","2",".000","3","7",".429",".333","1","4",".250","0","1","1","6","0","2","4","2","7"
"74","74","Max Christie","SG","19","LAL","2","0","5","1","1","1.000","1","1","1.000","0","0","","1.500","2","2","1.000","0","2","2","1","0","0","0","0","5"
"75","75","Josh Christopher","SG","21","HOU","7","0","54","9","22",".409","1","9",".111","8","13",".615",".432","1","2",".500","2","9","11","4","0","0","4","4","20"
"76","76","Brandon Clarke","PF","26","MEM","8","0","134","30","47",".638","0","3",".000","30","44",".682",".638","11","17",".647","7","22","29","10","3","5","9","19","71"
"77","77","Jordan Clarkson","SG","30","UTA","9","9","280","55","134",".410","27","73",".370","28","61",".459",".511","17","24",".708","14","27","41","50","4","6","23","18","154"
"78","78","Nic Claxton","C","23","BRK","8","8","232","42","60",".700","0","1",".000","42","59",".712",".700","11","27",".407","24","46","70","8","4","17","13","21","95"
"79","79","Amir Coffey","SG","25","LAC","7","0","72","4","13",".308","0","2",".000","4","11",".364",".308","10","12",".833","2","6","8","5","1","1","2","5","18"
"80","80","John Collins","PF","25","ATL","8","8","261","43","82",".524","6","25",".240","37","57",".649",".561","16","18",".889","16","66","82","8","8","13","15","28","108"
"81","81","Zach Collins","PF","25","SAS","8","0","138","27","52",".519","6","16",".375","21","36",".583",".577","6","9",".667","12","23","35","23","5","10","14","25","66"
"82","82","Mike Conley","PG","35","UTA","8","8","246","29","76",".382","19","46",".413","10","30",".333",".507","15","20",".750","2","15","17","57","10","4","13","16","92"
"83","83","Robert Covington","PF","32","LAC","5","0","87","8","19",".421","4","13",".308","4","6",".667",".526","6","6","1.000","1","22","23","7","3","5","3","12","26"
"84","84","Torrey Craig","SF","32","PHO","7","0","102","15","24",".625","7","15",".467","8","9",".889",".771","1","2",".500","11","14","25","7","2","1","3","9","38"
"85","85","Cade Cunningham","PG","21","DET","9","9","309","77","174",".443","12","42",".286","65","132",".492",".477","29","34",".853","9","46","55","58","9","4","31","27","195"
"86","86","Seth Curry","SG","32","BRK","1","0","18","0","5",".000","0","5",".000","0","0","",".000","0","0","","0","2","2","6","1","1","0","3","0"
"87","87","Stephen Curry","PG","34","GSW","8","8","275","78","165",".473","38","96",".396","40","69",".580",".588","46","49",".939","7","53","60","52","11","1","21","16","240"
"88","88","Dyson Daniels","PG","19","NOP","3","0","41","7","11",".636","3","4",".750","4","7",".571",".773","2","4",".500","2","6","8","6","3","2","2","4","19"
"89","89","Anthony Davis","C","29","LAL","6","6","214","57","109",".523","2","11",".182","55","98",".561",".532","23","29",".793","19","50","69","14","13","14","9","16","139"
"90","90","Johnny Davis","SG","20","WAS","4","0","23","2","7",".286","0","1",".000","2","6",".333",".286","0","0","","0","2","2","2","0","0","0","6","4"
"91","91","Terence Davis","SG","25","SAC","7","0","82","12","30",".400","5","19",".263","7","11",".636",".483","10","12",".833","3","12","15","7","4","1","3","14","39"
"92","92","Dewayne Dedmon","C","33","MIA","7","0","77","14","22",".636","4","8",".500","10","14",".714",".727","4","4","1.000","4","17","21","5","0","1","5","15","36"
"93","93","Matthew Dellavedova","PG","32","SAC","3","0","29","3","7",".429","2","3",".667","1","4",".250",".571","0","0","","1","1","2","4","1","0","2","5","8"
"94","94","DeMar DeRozan","SF","33","CHI","9","9","301","72","149",".483","4","12",".333","68","137",".496",".497","62","69",".899","4","32","36","38","11","2","20","19","210"
"95","95","Moussa Diabaté","PF","21","LAC","2","0","6","1","1","1.000","0","0","","1","1","1.000","1.000","1","1","1.000","0","2","2","1","1","0","0","0","3"
"96","96","Mamadi Diakite","PF","26","CLE","1","0","0","0","0","","0","0","","0","0","","","0","0","","0","0","0","0","0","0","0","0","0"
"97","97","Hamidou Diallo","SG","24","DET","9","0","127","17","43",".395","0","3",".000","17","40",".425",".395","12","20",".600","9","19","28","8","5","0","5","20","46"
"98","98","Gorgui Dieng","C","33","SAS","5","0","44","6","14",".429","4","12",".333","2","2","1.000",".571","0","0","","4","7","11","10","0","4","4","8","16"
"99","99","Ousmane Dieng","SF","19","OKC","6","0","80","7","22",".318","3","13",".231","4","9",".444",".386","0","0","","1","11","12","7","1","2","2","4","17"
"100","100","Spencer Dinwiddie","PG","29","DAL","7","7","224","45","93",".484","19","44",".432","26","49",".531",".586","8","12",".667","1","19","20","27","9","0","11","18","117"
"101","101","Donte DiVincenzo","SG","26","GSW","3","0","42","5","11",".455","2","6",".333","3","5",".600",".545","3","4",".750","0","2","2","3","1","0","6","4","15"
"102","102","Luka Dončić","PG","23","DAL","7","7","256","89","173",".514","14","59",".237","75","114",".658",".555","61","79",".772","8","54","62","63","12","3","23","22","253"
"103","103","Tyler Dorsey","SG","26","DAL","1","0","4","4","4","1.000","1","1","1.000","3","3","1.000","1.125","0","0","","1","1","2","0","0","0","0","0","9"
"104","104","Luguentz Dort","SG","23","OKC","7","7","224","33","94",".351","9","43",".209","24","51",".471",".399","23","30",".767","9","18","27","16","11","1","7","24","98"
"105","105","Ayo Dosunmu","PG","23","CHI","8","8","244","40","80",".500","12","31",".387","28","49",".571",".575","8","8","1.000","4","31","35","26","9","2","11","19","100"
"106","106","Jeff Dowtin","PG","25","TOR","2","0","8","2","4",".500","0","0","","2","4",".500",".500","0","0","","0","1","1","2","0","0","0","0","4"
"107","107","Goran Dragić","PG","36","CHI","9","0","156","30","67",".448","15","28",".536","15","39",".385",".560","10","14",".714","2","13","15","32","2","2","10","13","85"
"108","108","Andre Drummond","C","29","CHI","6","0","101","23","43",".535","0","2",".000","23","41",".561",".535","8","12",".667","22","39","61","5","6","3","11","17","54"
"109","109","Chris Duarte","SF","25","IND","8","4","172","28","69",".406","13","37",".351","15","32",".469",".500","11","12",".917","4","15","19","7","1","4","8","15","80"
"110","110","David Duke Jr.","SG","23","BRK","2","0","39","5","10",".500","0","2",".000","5","8",".625",".500","2","2","1.000","2","3","5","3","2","0","3","8","12"
"111","111","Kevin Durant","PF","34","BRK","8","8","302","85","161",".528","14","41",".341","71","120",".592",".571","76","81",".938","4","41","45","35","8","16","31","20","260"
"112","112","Jalen Duren","C","19","DET","7","0","145","23","41",".561","0","1",".000","23","40",".575",".561","6","16",".375","22","25","47","1","1","9","9","14","52"
"113","113","Tari Eason","PF","21","HOU","9","0","152","26","62",".419","6","15",".400","20","47",".426",".468","6","7",".857","19","25","44","6","9","7","6","20","64"
"114","114","Anthony Edwards","SG","21","MIN","8","8","295","70","156",".449","24","65",".369","46","91",".505",".526","21","33",".636","4","45","49","32","9","3","25","26","185"
"115","115","Kessler Edwards","SF","22","BRK","3","0","6","1","3",".333","1","2",".500","0","1",".000",".500","0","0","","0","2","2","2","1","0","0","0","3"
"116","116","Joel Embiid","C","28","PHI","6","6","207","58","109",".532","6","20",".300","52","89",".584",".560","41","52",".788","8","49","57","20","3","7","22","19","163"
"117","117","Drew Eubanks","C","25","POR","7","0","91","11","18",".611","0","0","","11","18",".611",".611","10","13",".769","9","8","17","3","2","4","5","12","32"
"118","118","Bruno Fernando","C","24","HOU","2","2","37","5","6",".833","0","0","","5","6",".833",".833","1","2",".500","5","8","13","9","1","2","1","3","11"
"119","119","Dorian Finney-Smith","PF","29","DAL","7","7","230","21","50",".420","9","31",".290","12","19",".632",".510","1","3",".333","11","19","30","5","6","5","4","19","52"
"120","120","Malachi Flynn","PG","24","TOR","5","0","39","8","17",".471","5","9",".556","3","8",".375",".618","0","0","","1","2","3","3","1","0","0","7","21"
"121","121","Simone Fontecchio","SF","27","UTA","4","0","23","5","11",".455","3","7",".429","2","4",".500",".591","0","0","","2","2","4","0","0","0","2","4","13"
"122","122","Bryn Forbes","SG","29","MIN","6","0","60","4","18",".222","1","8",".125","3","10",".300",".250","4","4","1.000","3","2","5","4","3","0","2","4","13"
"123","123","Trent Forrest","PG","24","ATL","3","0","10","0","2",".000","0","0","","0","2",".000",".000","0","0","","0","2","2","2","0","0","0","0","0"
"124","124","Evan Fournier","SG","30","NYK","7","7","171","26","65",".400","16","41",".390","10","24",".417",".523","6","7",".857","1","18","19","11","5","1","7","20","74"
"125","125","De'Aaron Fox","PG","25","SAC","6","6","185","57","104",".548","12","31",".387","45","73",".616",".606","21","25",".840","5","31","36","29","5","4","23","20","147"
"126","126","Wenyen Gabriel","PF","25","LAL","5","0","56","8","15",".533","0","3",".000","8","12",".667",".533","2","4",".500","4","9","13","3","4","2","3","9","18"
"127","127","Daniel Gafford","C","24","WAS","8","0","115","19","29",".655","0","0","","19","29",".655",".655","8","14",".571","11","14","25","3","4","7","12","13","46"
"128","128","Darius Garland","PG","23","CLE","2","2","56","11","28",".393","5","12",".417","6","16",".375",".482","6","7",".857","0","6","6","15","5","1","6","4","33"
"129","129","Usman Garuba","PF","20","HOU","7","1","85","10","16",".625","2","3",".667","8","13",".615",".688","1","5",".200","18","20","38","6","7","1","9","12","23"
"130","130","Rudy Gay","SF","36","UTA","6","0","97","12","31",".387","5","16",".313","7","15",".467",".468","2","4",".500","4","17","21","7","3","4","5","10","31"
"131","131","Paul George","SF","32","LAC","7","7","242","58","131",".443","17","53",".321","41","78",".526",".508","25","28",".893","5","41","46","33","14","3","26","17","158"
"132","132","Taj Gibson","PF","37","WAS","3","0","11","3","5",".600","1","3",".333","2","2","1.000",".700","2","2","1.000","0","1","1","0","0","0","0","1","9"
"133","133","Josh Giddey","SG","20","OKC","4","4","113","22","54",".407","4","16",".250","18","38",".474",".444","2","3",".667","5","21","26","25","2","4","11","10","50"
"134","134","Shai Gilgeous-Alexander","SG","24","OKC","6","6","216","71","137",".518","7","22",".318","64","115",".557",".544","40","41",".976","6","23","29","41","15","8","20","13","189"
"135","135","Anthony Gill","PF","30","WAS","8","2","108","14","26",".538","2","9",".222","12","17",".706",".577","4","4","1.000","6","11","17","6","1","1","2","11","34"
"136","136","Rudy Gobert","C","30","MIN","8","8","260","40","67",".597","0","1",".000","40","66",".606",".597","26","41",".634","38","74","112","10","4","13","12","19","106"
"137","137","Jordan Goodwin","PG","24","WAS","2","0","21","4","5",".800","0","1",".000","4","4","1.000",".800","0","0","","1","4","5","2","1","1","2","1","8"
"138","138","Aaron Gordon","PF","27","DEN","7","7","198","40","77",".519","5","23",".217","35","54",".648",".552","11","20",".550","16","29","45","13","1","9","10","10","96"
"139","139","Eric Gordon","SG","34","HOU","7","7","222","31","69",".449","12","34",".353","19","35",".543",".536","13","16",".813","2","14","16","22","7","4","16","6","87"
"140","140","Devonte' Graham","PG","27","NOP","7","0","138","14","35",".400","12","27",".444","2","8",".250",".571","5","8",".625","1","10","11","18","4","1","5","7","45"
"141","141","Jerami Grant","PF","28","POR","7","7","247","36","81",".444","13","34",".382","23","47",".489",".525","32","44",".727","3","26","29","16","4","5","14","12","117"
"142","142","A.J. Green","SG","23","MIL","1","0","2","0","0","","0","0","","0","0","","","0","0","","0","0","0","1","0","0","0","0","0"
"143","143","Draymond Green","PF","32","GSW","8","8","232","31","52",".596","3","10",".300","28","42",".667",".625","7","11",".636","7","41","48","43","9","6","22","28","72"
"144","144","Jalen Green","SG","20","HOU","9","9","300","63","167",".377","23","66",".348","40","101",".396",".446","25","32",".781","6","33","39","18","8","3","18","16","174"
"145","145","JaMychal Green","PF","32","GSW","8","0","145","15","37",".405","3","15",".200","12","22",".545",".446","4","5",".800","18","22","40","6","10","4","8","14","37"
"146","146","Javonte Green","SG","29","CHI","9","0","165","22","39",".564","5","13",".385","17","26",".654",".628","9","12",".750","13","20","33","8","13","8","6","22","58"
"147","147","Jeff Green","PF","36","DEN","7","0","137","21","43",".488","4","11",".364","17","32",".531",".535","16","21",".762","7","15","22","10","4","0","2","15","62"
"148","148","Josh Green","SG","22","DAL","7","0","111","11","17",".647","7","12",".583","4","5",".800",".853","7","12",".583","7","11","18","5","7","1","6","13","36"
"149","149","AJ Griffin","SF","19","ATL","5","0","41","9","17",".529","5","10",".500","4","7",".571",".676","0","0","","2","2","4","3","2","0","0","3","23"
"150","150","Blake Griffin","PF","33","BOS","4","0","35","2","8",".250","1","3",".333","1","5",".200",".313","5","6",".833","5","6","11","3","2","0","2","8","10"
"151","151","Quentin Grimes","SG","22","NYK","1","0","5","0","1",".000","0","1",".000","0","0","",".000","0","0","","0","0","0","1","0","0","0","1","0"
"152","152","Rui Hachimura","PF","24","WAS","8","0","193","35","77",".455","4","16",".250","31","61",".508",".481","14","18",".778","10","36","46","10","2","5","12","8","88"
"153","153","Tyrese Haliburton","PG","22","IND","8","8","267","59","121",".488","22","49",".449","37","72",".514",".579","35","37",".946","10","27","37","75","13","1","29","10","175"
"154","154","Jordan Hall","SF","21","SAS","1","0","17","1","4",".250","1","3",".333","0","1",".000",".375","0","0","","0","1","1","2","0","0","2","0","3"
"155","155","R.J. Hampton","PG","21","ORL","7","0","111","14","29",".483","6","11",".545","8","18",".444",".586","8","9",".889","4","10","14","10","6","1","4","9","42"
"156","156","Tim Hardaway Jr.","SG","30","DAL","6","0","151","20","64",".313","12","37",".324","8","27",".296",".406","23","24",".958","0","10","10","10","3","2","6","10","75"
"157","157","James Harden","SG","33","PHI","9","9","331","63","143",".441","20","60",".333","43","83",".518",".510","52","56",".929","5","58","63","90","10","6","26","18","198"
"158","158","Jaden Hardy","SG","20","DAL","2","0","10","0","5",".000","0","2",".000","0","3",".000",".000","0","0","","0","2","2","1","0","0","2","2","0"
"159","159","Ron Harper Jr.","SF","22","TOR","1","0","3","0","1",".000","0","1",".000","0","0","",".000","0","0","","0","0","0","0","0","0","0","0","0"
"160","160","Montrezl Harrell","C","29","PHI","9","0","93","9","20",".450","0","0","","9","20",".450",".450","8","12",".667","5","9","14","4","2","5","3","11","26"
"161","161","Joe Harris","SG","31","BRK","6","2","135","15","38",".395","9","26",".346","6","12",".500",".513","1","3",".333","4","12","16","11","3","3","3","13","40"
"162","162","Kevon Harris","SG","25","ORL","6","0","70","5","15",".333","2","6",".333","3","9",".333",".400","5","7",".714","1","10","11","4","2","0","6","9","17"
"163","163","Tobias Harris","PF","30","PHI","9","9","293","46","96",".479","22","49",".449","24","47",".511",".594","7","12",".583","11","45","56","23","13","6","6","20","121"
"164","164","Josh Hart","SG","27","POR","7","7","255","24","48",".500","3","9",".333","21","39",".538",".531","17","21",".810","15","46","61","28","9","2","13","16","68"
"165","165","Isaiah Hartenstein","C","24","NYK","7","0","175","25","47",".532","2","10",".200","23","37",".622",".553","6","8",".750","26","28","54","8","7","10","8","20","58"
"166","166","Udonis Haslem","PF","42","MIA","2","0","10","1","3",".333","0","0","","1","3",".333",".333","1","2",".500","0","2","2","0","0","1","0","1","3"
"167","167","Sam Hauser","PF","25","BOS","7","0","79","11","20",".550","10","19",".526","1","1","1.000",".800","1","2",".500","1","9","10","3","2","1","1","8","33"
"168","168","Jaxson Hayes","C","22","NOP","5","0","37","1","5",".200","0","2",".000","1","3",".333",".200","0","2",".000","1","4","5","3","1","1","1","5","2"
"169","169","Killian Hayes","PG","21","DET","9","0","159","9","52",".173","3","17",".176","6","35",".171",".202","4","5",".800","3","17","20","29","6","4","13","22","25"
"170","170","Gordon Hayward","SF","32","CHO","8","8","248","50","106",".472","10","28",".357","40","78",".513",".519","29","37",".784","4","30","34","33","6","2","22","6","139"
"171","171","Juancho Hernangómez","PF","27","TOR","4","0","24","0","2",".000","0","2",".000","0","0","",".000","0","0","","0","2","2","2","1","1","1","2","0"
"172","172","Willy Hernangómez","C","28","NOP","2","0","14","1","5",".200","0","1",".000","1","4",".250",".200","2","2","1.000","4","5","9","1","0","0","1","2","4"
"173","173","Tyler Herro","SG","23","MIA","9","9","276","64","134",".478","20","54",".370","44","80",".550",".552","19","22",".864","6","53","59","21","5","6","16","15","167"
"174","174","Buddy Hield","SG","30","IND","8","8","239","51","110",".464","32","75",".427","19","35",".543",".609","8","9",".889","10","33","43","33","5","2","14","17","142"
"175","175","Haywood Highsmith","SF","26","MIA","4","0","21","1","5",".200","0","3",".000","1","2",".500",".200","0","0","","0","4","4","0","3","0","2","1","2"
"176","176","George Hill","PG","36","MIL","7","0","153","13","29",".448","5","17",".294","8","12",".667",".534","12","16",".750","3","12","15","19","1","0","3","13","43"
"177","177","Malcolm Hill","SF","27","CHI","2","0","1","0","0","","0","0","","0","0","","","0","0","","0","1","1","0","0","0","0","0","0"
"178","178","Aaron Holiday","PG","26","ATL","8","0","149","17","36",".472","6","9",".667","11","27",".407",".556","6","7",".857","4","5","9","13","6","3","7","12","46"
"179","179","Jrue Holiday","PG","32","MIL","7","7","240","52","120",".433","18","47",".383","34","73",".466",".508","19","23",".826","7","30","37","53","11","6","18","15","141"
"180","180","Justin Holiday","SG","33","ATL","8","0","155","18","48",".375","10","32",".313","8","16",".500",".479","0","0","","0","6","6","14","2","3","1","18","46"
"181","181","Richaun Holmes","PF","29","SAC","7","0","96","13","18",".722","0","0","","13","18",".722",".722","4","6",".667","6","14","20","0","2","1","5","14","30"
"182","182","Al Horford","C","36","BOS","6","6","187","20","44",".455","11","29",".379","9","15",".600",".580","1","1","1.000","7","30","37","10","1","4","6","14","52"
"183","183","Talen Horton-Tucker","SG","22","UTA","9","0","148","25","62",".403","5","27",".185","20","35",".571",".444","8","11",".727","6","21","27","14","8","3","9","16","63"
"184","184","Danuel House Jr.","SF","29","PHI","9","0","148","10","27",".370","5","16",".313","5","11",".455",".463","8","11",".727","4","14","18","9","3","1","6","12","33"
"185","185","Caleb Houstan","SF","20","ORL","5","0","97","5","19",".263","3","13",".231","2","6",".333",".342","2","2","1.000","0","10","10","3","1","1","3","11","15"
"186","186","Trevor Hudgins","PG","23","HOU","1","0","4","1","1","1.000","1","1","1.000","0","0","","1.500","0","0","","0","0","0","0","0","0","0","0","3"
"187","187","Kevin Huerter","SG","24","SAC","7","7","223","44","87",".506","29","56",".518","15","31",".484",".672","15","19",".789","0","20","20","27","4","1","7","16","132"
"188","188","De'Andre Hunter","SF","25","ATL","8","8","229","48","99",".485","14","32",".438","34","67",".507",".556","9","15",".600","4","24","28","10","3","1","8","31","119"
"189","189","Bones Hyland","PG","22","DEN","6","0","109","22","63",".349","14","32",".438","8","31",".258",".460","14","19",".737","0","6","6","22","1","2","10","12","72"
"190","190","Serge Ibaka","PF","33","MIL","6","0","50","6","13",".462","3","5",".600","3","8",".375",".577","1","2",".500","3","9","12","0","0","3","4","9","16"
"191","191","Brandon Ingram","SF","25","NOP","3","3","79","22","38",".579","4","7",".571","18","31",".581",".632","18","22",".818","0","17","17","12","4","1","10","3","66"
"192","192","Kyrie Irving","PG","30","BRK","8","8","309","78","172",".453","21","75",".280","57","97",".588",".515","38","41",".927","6","35","41","41","11","9","19","24","215"
"193","193","Jaden Ivey","SG","20","DET","8","8","249","44","100",".440","11","33",".333","33","67",".493",".495","18","26",".692","8","24","32","27","13","1","18","24","117"
"194","194","Isaiah Jackson","PF","21","IND","8","3","148","26","46",".565","0","1",".000","26","45",".578",".565","14","22",".636","13","28","41","11","5","11","6","22","66"
"195","195","Justin Jackson","SF","27","BOS","2","0","9","2","4",".500","2","3",".667","0","1",".000",".750","0","0","","0","0","0","0","0","0","0","1","6"
"196","196","Reggie Jackson","PG","32","LAC","8","8","232","29","83",".349","8","35",".229","21","48",".438",".398","10","11",".909","3","14","17","33","6","1","13","9","76"
"197","197","LeBron James","PF","38","LAL","7","7","257","68","155",".439","12","53",".226","56","102",".549",".477","27","36",".750","13","50","63","52","9","6","27","15","175"
"198","198","Ty Jerome","SG","25","GSW","5","0","63","8","14",".571","4","8",".500","4","6",".667",".714","6","6","1.000","0","2","2","6","1","1","1","6","26"
"199","199","Isaiah Joe","SG","23","OKC","6","0","18","5","8",".625","3","6",".500","2","2","1.000",".813","4","4","1.000","0","3","3","4","1","0","0","2","17"
"200","200","Cameron Johnson","PF","26","PHO","7","7","197","37","81",".457","22","50",".440","15","31",".484",".593","8","11",".727","5","22","27","13","9","3","2","13","104"
"201","201","Jalen Johnson","SF","21","ATL","8","0","108","12","27",".444","2","11",".182","10","16",".625",".481","7","10",".700","4","18","22","5","2","1","2","14","33"
"202","202","James Johnson","PF","35","IND","3","0","44","5","12",".417","1","5",".200","4","7",".571",".458","0","0","","0","7","7","4","1","2","0","10","11"
"203","203","Keldon Johnson","SF","23","SAS","7","7","235","56","123",".455","27","62",".435","29","61",".475",".565","28","35",".800","4","34","38","29","9","1","20","12","167"
"204","204","Keon Johnson","SG","20","POR","4","0","52","9","20",".450","4","12",".333","5","8",".625",".550","1","2",".500","1","10","11","6","2","2","6","4","23"
"205","205","Nikola Jokić","C","27","DEN","7","7","230","51","87",".586","4","19",".211","47","68",".691",".609","41","47",".872","15","63","78","59","9","4","18","19","147"
"206","206","Damian Jones","C","27","LAL","5","1","51","5","13",".385","0","1",".000","5","12",".417",".385","3","6",".500","6","9","15","3","0","3","3","7","13"
"207","207","Derrick Jones Jr.","SF","25","CHI","7","0","102","10","27",".370","3","7",".429","7","20",".350",".426","21","23",".913","11","10","21","6","3","5","1","8","44"
"208","208","Herbert Jones","SF","24","NOP","3","3","95","7","19",".368","1","6",".167","6","13",".462",".395","7","9",".778","5","5","10","6","0","4","3","13","22"
"209","209","Kai Jones","C","22","CHO","4","0","17","3","5",".600","1","3",".333","2","2","1.000",".700","2","4",".500","0","0","0","2","0","2","0","0","9"
"210","210","Tre Jones","PG","23","SAS","8","8","237","31","83",".373","7","18",".389","24","65",".369",".416","29","32",".906","8","28","36","44","10","2","18","17","98"
"211","211","Tyus Jones","PG","26","MEM","8","1","203","39","88",".443","14","38",".368","25","50",".500",".523","3","8",".375","3","13","16","35","6","1","11","6","95"
"212","212","DeAndre Jordan","C","34","DEN","6","0","73","13","16",".813","1","1","1.000","12","15",".800",".844","5","12",".417","9","24","33","3","1","4","7","11","32"
"213","213","Cory Joseph","PG","31","DET","8","1","121","9","23",".391","5","11",".455","4","12",".333",".500","5","6",".833","2","8","10","23","2","1","4","12","28"
"214","214","Nikola Jović","PF","19","MIA","3","0","22","3","7",".429","0","3",".000","3","4",".750",".429","0","0","","1","1","2","1","2","0","1","5","6"
"215","215","Frank Kaminsky","C","29","ATL","3","0","11","0","1",".000","0","1",".000","0","0","",".000","4","4","1.000","0","3","3","2","0","0","1","2","4"
"216","216","Trevor Keels","SG","19","NYK","1","0","1","0","1",".000","0","1",".000","0","0","",".000","0","0","","0","1","1","0","0","0","0","0","0"
"217","217","Luke Kennard","SG","26","LAC","8","2","196","27","55",".491","14","30",".467","13","25",".520",".618","2","2","1.000","4","28","32","5","3","0","11","13","70"
"218","218","Walker Kessler","C","21","UTA","6","0","87","10","16",".625","0","0","","10","16",".625",".625","9","15",".600","11","15","26","6","2","8","5","12","29"
"219","219","Braxton Key","SF","25","DET","2","0","7","1","1","1.000","0","0","","1","1","1.000","1.000","2","2","1.000","0","1","1","0","0","0","0","0","4"
"220","220","Maxi Kleber","C","31","DAL","7","0","187","11","27",".407","6","19",".316","5","8",".625",".519","9","12",".750","7","24","31","5","4","7","5","13","37"
"221","221","Nathan Knight","PF","25","MIN","2","0","4","0","0","","0","0","","0","0","","","0","0","","0","2","2","0","0","0","0","1","0"
"222","222","Kevin Knox","SF","23","DET","6","0","41","5","20",".250","1","12",".083","4","8",".500",".275","0","0","","1","5","6","0","1","0","2","7","11"
"223","223","Christian Koloko","C","22","TOR","8","3","131","10","22",".455","0","0","","10","22",".455",".455","5","11",".455","10","19","29","3","3","8","4","23","25"
"224","224","John Konchar","SG","26","MEM","7","4","186","21","45",".467","12","30",".400","9","15",".600",".600","1","2",".500","10","26","36","7","12","2","4","12","55"
"225","225","Furkan Korkmaz","SG","25","PHI","2","0","4","0","1",".000","0","1",".000","0","0","",".000","0","0","","0","1","1","1","0","0","0","0","0"
"226","226","Luke Kornet","C","27","BOS","5","0","59","4","7",".571","1","2",".500","3","5",".600",".643","1","2",".500","5","8","13","7","0","3","4","6","10"
"227","227","Vit Krejci","PG","22","ATL","4","0","11","2","3",".667","1","2",".500","1","1","1.000",".833","0","0","","0","1","1","1","0","0","0","2","5"
"228","228","Jonathan Kuminga","PF","20","GSW","6","0","65","5","15",".333","0","4",".000","5","11",".455",".333","6","6","1.000","4","7","11","3","1","1","7","10","16"
"229","229","Kyle Kuzma","PF","27","WAS","8","8","263","50","109",".459","15","43",".349","35","66",".530",".528","23","29",".793","6","53","59","18","2","6","14","27","138"
"230","230","Anthony Lamb","SF","25","GSW","1","0","9","1","1","1.000","0","0","","1","1","1.000","1.000","0","0","","0","2","2","1","0","0","0","2","2"
"231","231","Jock Landale","C","27","PHO","7","0","121","26","54",".481","2","19",".105","24","35",".686",".500","13","16",".813","12","21","33","4","1","6","5","20","67"
"232","232","Romeo Langford","SG","23","SAS","5","2","79","9","22",".409","1","5",".200","8","17",".471",".432","1","2",".500","7","4","11","2","2","1","3","6","20"
"233","233","Jake LaRavia","PF","21","MEM","5","0","91","12","23",".522","9","15",".600","3","8",".375",".717","3","3","1.000","6","14","20","2","2","2","2","17","36"
"234","234","Zach LaVine","SG","27","CHI","6","6","198","42","101",".416","20","46",".435","22","55",".400",".515","25","29",".862","1","19","20","25","6","1","11","9","129"
"235","235","Damion Lee","SG","30","PHO","7","0","116","10","30",".333","7","19",".368","3","11",".273",".450","7","8",".875","3","13","16","8","3","0","2","10","34"
"236","236","Alex Len","C","29","SAC","3","0","8","0","1",".000","0","0","","0","1",".000",".000","1","2",".500","0","2","2","0","0","0","0","2","1"
"237","237","Kawhi Leonard","SF","31","LAC","2","0","42","8","18",".444","1","6",".167","7","12",".583",".472","8","9",".889","4","9","13","4","3","0","4","5","25"
"238","238","Caris LeVert","SG","28","CLE","7","7","256","29","87",".333","19","40",".475","10","47",".213",".443","26","33",".788","5","24","29","44","7","1","16","21","103"
"239","239","Damian Lillard","PG","32","POR","5","5","175","48","97",".495","20","51",".392","28","46",".609",".598","39","42",".929","6","18","24","23","4","2","19","7","155"
"240","240","Nassir Little","PF","22","POR","7","0","100","14","30",".467","6","16",".375","8","14",".571",".567","1","5",".200","2","13","15","6","3","0","3","3","35"
"241","241","Isaiah Livers","PF","24","DET","7","0","126","12","32",".375","10","27",".370","2","5",".400",".531","3","3","1.000","5","11","16","5","3","1","5","17","37"
"242","242","Kenneth Lofton Jr.","PF","20","MEM","3","0","14","4","9",".444","0","1",".000","4","8",".500",".444","1","3",".333","1","1","2","1","0","0","0","3","9"
"243","243","Kevon Looney","C","26","GSW","8","8","183","20","32",".625","0","0","","20","32",".625",".625","6","11",".545","18","30","48","27","2","2","2","21","46"
"244","244","Brook Lopez","C","34","MIL","7","7","216","40","82",".488","15","44",".341","25","38",".658",".579","8","9",".889","15","33","48","8","5","21","8","18","103"
"245","245","Robin Lopez","C","34","CLE","4","0","44","11","14",".786","0","0","","11","14",".786",".786","0","1",".000","5","4","9","1","0","2","2","3","22"
"246","246","Kevin Love","PF","34","CLE","7","0","135","25","59",".424","17","41",".415","8","18",".444",".568","11","13",".846","3","48","51","11","0","1","6","9","78"
"247","247","Kyle Lowry","PG","36","MIA","9","9","312","36","89",".404","20","59",".339","16","30",".533",".517","30","34",".882","5","31","36","53","13","3","18","26","122"
"248","248","Trey Lyles","PF","27","SAC","5","0","71","9","25",".360","6","19",".316","3","6",".500",".480","3","6",".500","3","15","18","5","4","3","5","7","27"
"249","249","Théo Maledon","PG","21","CHO","7","0","99","13","26",".500","5","13",".385","8","13",".615",".596","5","6",".833","1","7","8","20","4","2","9","4","36"
"250","250","Sandro Mamukelashvili","C","23","MIL","1","0","2","0","0","","0","0","","0","0","","","0","0","","0","0","0","0","0","0","1","0","0"
"251","251","Terance Mann","SG","26","LAC","8","3","128","19","30",".633","3","9",".333","16","21",".762",".683","3","7",".429","6","17","23","6","2","3","8","10","44"
"252","252","Tre Mann","PG","21","OKC","7","4","190","35","87",".402","12","41",".293","23","46",".500",".471","9","13",".692","7","17","24","22","7","0","5","16","91"
"253","253","Boban Marjanović","C","34","HOU","3","0","9","1","2",".500","0","0","","1","2",".500",".500","2","3",".667","1","2","3","1","0","0","1","0","4"
"254","254","Lauri Markkanen","SF","25","UTA","9","9","305","75","146",".514","17","58",".293","58","88",".659",".572","28","34",".824","20","61","81","23","6","8","18","17","195"
"255","255","Naji Marshall","SF","25","NOP","7","4","185","27","54",".500","7","19",".368","20","35",".571",".565","12","15",".800","9","17","26","16","8","3","10","12","73"
"256","256","Caleb Martin","PF","27","MIA","8","8","213","26","62",".419","7","17",".412","19","45",".422",".476","6","6","1.000","15","21","36","12","12","0","6","18","65"
"257","257","Cody Martin","SF","27","CHO","1","0","1","0","0","","0","0","","0","0","","","0","0","","0","0","0","0","0","0","0","0","0"
"258","258","Kenyon Martin Jr.","SF","22","HOU","9","2","226","32","72",".444","7","28",".250","25","44",".568",".493","15","22",".682","9","36","45","14","5","4","10","21","86"
"259","259","Tyrese Martin","SG","23","ATL","4","0","12","3","5",".600","1","2",".500","2","3",".667",".700","0","0","","1","0","1","0","1","0","0","1","7"
"260","260","Garrison Mathews","SG","26","HOU","9","0","120","9","29",".310","9","29",".310","0","0","",".466","8","8","1.000","1","8","9","4","3","1","4","14","35"
"261","261","Bennedict Mathurin","SG","20","IND","8","0","216","52","114",".456","21","49",".429","31","65",".477",".548","38","44",".864","12","22","34","17","4","0","17","20","163"
"262","262","Wesley Matthews","SG","36","MIL","7","0","112","9","27",".333","7","22",".318","2","5",".400",".463","3","4",".750","8","9","17","4","5","2","5","12","28"
"263","263","Tyrese Maxey","SG","22","PHI","9","9","340","80","155",".516","29","62",".468","51","93",".548",".610","29","39",".744","3","28","31","31","9","1","18","22","218"
"264","264","Miles McBride","PG","22","NYK","2","0","3","0","0","","0","0","","0","0","","","0","2",".000","0","0","0","0","0","0","0","1","0"
"265","265","CJ McCollum","SG","31","NOP","7","7","246","59","143",".413","13","47",".277","46","96",".479",".458","14","16",".875","4","26","30","51","9","3","11","14","145"
"266","266","T.J. McConnell","PG","30","IND","7","0","101","12","35",".343","0","1",".000","12","34",".353",".343","0","0","","4","7","11","19","9","2","10","6","24"
"267","267","Jaden McDaniels","PF","22","MIN","8","8","242","30","58",".517","6","21",".286","24","37",".649",".569","15","18",".833","10","14","24","8","13","12","11","27","81"
"268","268","Jalen McDaniels","SF","25","CHO","8","0","210","31","74",".419","14","28",".500","17","46",".370",".514","11","12",".917","9","37","46","19","10","6","10","22","87"
"269","269","Doug McDermott","SF","31","SAS","8","0","169","33","75",".440","20","46",".435","13","29",".448",".573","5","6",".833","3","18","21","14","0","2","8","15","91"
"270","270","JaVale McGee","C","35","DAL","6","6","68","11","21",".524","0","0","","11","21",".524",".524","7","12",".583","7","13","20","2","3","4","6","7","29"
"271","271","Bryce McGowens","SG","20","CHO","4","0","13","2","4",".500","0","1",".000","2","3",".667",".500","0","0","","0","1","1","1","1","1","0","0","4"
"272","272","Rodney McGruder","SG","31","DET","3","0","9","1","3",".333","1","3",".333","0","0","",".500","0","0","","0","1","1","0","0","0","0","1","3"
"273","273","Jordan McLaughlin","PG","26","MIN","6","0","105","11","25",".440","2","12",".167","9","13",".692",".480","2","2","1.000","2","11","13","20","4","0","4","3","26"
"274","274","De'Anthony Melton","PG","24","PHI","8","2","180","31","60",".517","11","27",".407","20","33",".606",".608","3","3","1.000","2","21","23","18","16","1","3","11","76"
"275","275","Chimezie Metu","C","25","SAC","3","0","25","2","7",".286","0","3",".000","2","4",".500",".286","2","2","1.000","0","7","7","3","1","1","0","3","6"
"276","276","Patty Mills","PG","34","BRK","8","0","109","15","34",".441","12","28",".429","3","6",".500",".618","10","10","1.000","2","4","6","6","1","0","2","5","52"
"277","277","Shake Milton","SG","26","PHI","5","0","45","6","15",".400","1","3",".333","5","12",".417",".433","0","0","","2","5","7","6","0","1","6","6","13"
"278","278","Davion Mitchell","PG","24","SAC","7","1","138","22","46",".478","8","22",".364","14","24",".583",".565","2","3",".667","0","13","13","15","4","0","12","13","54"
"279","279","Donovan Mitchell","SG","26","CLE","7","7","278","77","160",".481","28","64",".438","49","96",".510",".569","36","42",".857","7","24","31","50","11","5","25","23","218"
"280","280","Evan Mobley","PF","21","CLE","7","7","240","43","73",".589","2","9",".222","41","64",".641",".603","22","28",".786","10","33","43","15","7","7","18","21","110"
"281","281","Isaiah Mobley","PF","23","CLE","1","0","4","1","1","1.000","1","1","1.000","0","0","","1.500","0","0","","0","1","1","0","0","0","0","1","3"
"282","282","Chima Moneke","SF","27","SAC","1","0","6","0","1",".000","0","0","","0","1",".000",".000","0","2",".000","2","0","2","1","0","0","0","2","0"
"283","283","Malik Monk","SG","24","SAC","7","0","130","25","62",".403","14","40",".350","11","22",".500",".516","5","6",".833","4","12","16","30","4","3","12","9","69"
"284","284","Moses Moody","SG","20","GSW","8","0","133","17","43",".395","11","30",".367","6","13",".462",".523","6","8",".750","4","13","17","4","4","5","11","7","51"
"285","285","Wendell Moore Jr.","SG","21","MIN","1","0","2","0","1",".000","0","1",".000","0","0","",".000","0","0","","0","0","0","0","0","0","1","0","0"
"286","286","Ja Morant","PG","23","MEM","7","7","228","73","139",".525","14","27",".519","59","112",".527",".576","60","70",".857","8","28","36","45","6","3","28","14","220"
"287","287","Marcus Morris","PF","33","LAC","6","6","175","37","70",".529","11","29",".379","26","41",".634",".607","4","4","1.000","4","31","35","13","6","1","5","12","89"
"288","288","Markieff Morris","PF","33","BRK","4","0","37","4","9",".444","4","8",".500","0","1",".000",".667","0","0","","1","7","8","1","1","1","4","5","12"
"289","289","Monte Morris","PG","27","WAS","8","8","222","26","63",".413","8","22",".364","18","41",".439",".476","11","15",".733","3","29","32","45","7","2","6","10","71"
"290","290","Trey Murphy III","SF","22","NOP","7","4","230","36","69",".522","19","40",".475","17","29",".586",".659","11","12",".917","13","28","41","9","8","1","7","18","102"
"291","291","Dejounte Murray","SG","26","ATL","8","8","291","70","150",".467","19","47",".404","51","103",".495",".530","17","19",".895","4","43","47","62","19","5","21","13","176"
"292","292","Jamal Murray","PG","25","DEN","6","6","160","34","82",".415","10","30",".333","24","52",".462",".476","5","9",".556","1","16","17","19","6","0","13","4","83"
"293","293","Keegan Murray","SF","22","SAC","6","4","205","36","74",".486","16","43",".372","20","31",".645",".595","6","7",".857","6","18","24","10","3","7","14","12","94"
"294","294","Mike Muscala","C","31","OKC","6","0","79","16","31",".516","5","16",".313","11","15",".733",".597","9","10",".900","6","25","31","5","0","2","3","8","46"
"295","295","Svi Mykhailiuk","SF","25","NYK","1","0","2","1","1","1.000","1","1","1.000","0","0","","1.500","0","0","","0","2","2","0","0","0","0","0","3"
"296","296","Larry Nance Jr.","PF","30","NOP","7","0","158","28","46",".609","2","5",".400","26","41",".634",".630","1","3",".333","8","29","37","19","7","5","9","16","59"
"297","297","Andrew Nembhard","SG","23","IND","7","0","109","13","34",".382","8","21",".381","5","13",".385",".500","4","4","1.000","3","10","13","19","4","1","3","12","38"
"298","298","Aaron Nesmith","SF","23","IND","6","4","131","19","43",".442","7","22",".318","12","21",".571",".523","7","9",".778","3","18","21","9","1","5","6","18","52"
"299","299","Raul Neto","PG","30","CLE","6","0","61","7","17",".412","1","6",".167","6","11",".545",".441","4","4","1.000","2","5","7","8","2","0","2","6","19"
"300","300","Georges Niang","PF","29","PHI","9","0","150","26","51",".510","18","37",".486","8","14",".571",".686","2","2","1.000","2","14","16","4","1","2","5","16","72"
"301","301","Daishen Nix","PG","20","HOU","7","0","103","11","26",".423","8","17",".471","3","9",".333",".577","3","4",".750","3","5","8","13","3","1","9","5","33"
"302","302","Zeke Nnaji","PF","22","DEN","5","0","20","4","7",".571","0","2",".000","4","5",".800",".571","0","0","","0","0","0","0","1","0","1","8","8"
"303","303","Nerlens Noel","C","28","DET","2","0","32","2","7",".286","0","0","","2","7",".286",".286","2","2","1.000","2","5","7","3","1","1","0","3","6"
"304","304","Jaylen Nowell","SG","23","MIN","8","0","162","41","103",".398","9","35",".257","32","68",".471",".442","8","11",".727","8","23","31","19","5","1","2","11","99"
"305","305","Kendrick Nunn","PG","27","LAL","6","0","79","14","42",".333","6","22",".273","8","20",".400",".405","0","1",".000","0","11","11","6","1","1","10","7","34"
"306","306","Jusuf Nurkić","C","28","POR","7","7","218","37","74",".500","4","7",".571","33","67",".493",".527","26","30",".867","24","62","86","19","6","7","17","23","104"
"307","307","Jordan Nwora","SF","24","MIL","7","0","116","14","38",".368","8","20",".400","6","18",".333",".474","5","5","1.000","6","19","25","3","3","0","9","8","41"
"308","308","Royce O'Neale","SF","29","BRK","8","8","295","32","78",".410","20","49",".408","12","29",".414",".538","2","2","1.000","7","28","35","24","11","7","9","29","86"
"309","309","Chuma Okeke","PF","24","ORL","8","0","133","11","29",".379","8","23",".348","3","6",".500",".517","4","4","1.000","9","21","30","12","2","0","4","14","34"
"310","310","Josh Okogie","SG","24","PHO","6","0","23","3","6",".500","0","2",".000","3","4",".750",".500","2","2","1.000","3","5","8","0","1","0","0","3","8"
"311","311","Onyeka Okongwu","C","22","ATL","8","0","159","31","44",".705","0","0","","31","44",".705",".705","8","13",".615","17","28","45","6","4","7","6","25","70"
"312","312","Isaac Okoro","SG","22","CLE","7","2","105","4","18",".222","0","10",".000","4","8",".500",".222","2","2","1.000","1","7","8","2","2","1","7","14","10"
"313","313","KZ Okpala","PF","23","SAC","6","3","39","1","5",".200","1","4",".250","0","1",".000",".300","0","0","","2","4","6","2","0","0","0","4","3"
"314","314","Kelly Olynyk","PF","31","UTA","9","9","241","39","72",".542","16","29",".552","23","43",".535",".653","15","22",".682","12","25","37","31","14","6","25","42","109"
"315","315","Eugene Omoruyi","SF","25","OKC","4","0","39","7","14",".500","1","5",".200","6","9",".667",".536","6","9",".667","5","4","9","1","0","0","2","12","21"
"316","316","Cedi Osman","SF","27","CLE","7","0","167","24","58",".414","11","33",".333","13","25",".520",".509","10","13",".769","3","15","18","12","1","1","5","20","69"
"317","317","Kelly Oubre Jr.","SF","27","CHO","8","8","236","53","125",".424","21","57",".368","32","68",".471",".508","12","19",".632","8","33","41","11","12","3","8","22","139"
"318","318","Chris Paul","PG","37","PHO","7","7","230","23","64",".359","6","26",".231","17","38",".447",".406","19","23",".826","5","31","36","77","13","1","12","18","71"
"319","319","Cameron Payne","PG","28","PHO","7","0","112","24","57",".421","9","23",".391","15","34",".441",".500","5","6",".833","2","12","14","20","8","1","13","7","62"
"320","320","Theo Pinson","SG","27","DAL","1","0","7","0","0","","0","0","","0","0","","","2","2","1.000","0","2","2","1","0","0","0","0","2"
"321","321","Scotty Pippen Jr.","PG","22","LAL","1","0","2","0","0","","0","0","","0","0","","","2","2","1.000","0","0","0","0","0","0","0","0","2"
"322","322","Mason Plumlee","C","32","CHO","8","8","196","25","41",".610","0","0","","25","41",".610",".610","17","32",".531","20","43","63","34","2","6","14","28","67"
"323","323","Jakob Poeltl","C","27","SAS","8","8","227","44","68",".647","0","0","","44","68",".647",".647","17","29",".586","35","51","86","28","5","7","20","16","105"
"324","324","Aleksej Pokusevski","PF","21","OKC","7","3","149","21","54",".389","7","22",".318","14","32",".438",".454","5","10",".500","12","21","33","12","5","8","11","11","54"
"325","325","Jordan Poole","SG","23","GSW","8","1","233","46","104",".442","18","56",".321","28","48",".583",".529","24","30",".800","1","12","13","40","11","1","23","21","134"
"326","326","Kevin Porter Jr.","PG","22","HOU","9","9","314","63","154",".409","16","46",".348","47","108",".435",".461","42","53",".792","17","41","58","49","14","3","32","23","184"
"327","327","Michael Porter Jr.","SF","24","DEN","6","6","174","38","81",".469","23","47",".489","15","34",".441",".611","12","15",".800","12","33","45","7","4","2","8","24","111"
"328","328","Otto Porter Jr.","SF","29","TOR","1","0","11","1","2",".500","1","2",".500","0","0","",".750","2","2","1.000","0","3","3","0","2","0","0","0","5"
"329","329","Bobby Portis","PF","27","MIL","7","0","173","38","79",".481","8","25",".320","30","54",".556",".532","6","9",".667","22","50","72","11","3","3","6","11","90"
"330","330","Kristaps Porziņģis","PF","27","WAS","8","8","252","60","115",".522","15","41",".366","45","74",".608",".587","33","38",".868","20","48","68","18","6","10","14","28","168"
"331","331","Micah Potter","PF","24","UTA","2","0","12","2","2","1.000","0","0","","2","2","1.000","1.000","0","0","","1","2","3","1","0","0","0","2","4"
"332","332","Dwight Powell","C","31","DAL","4","1","56","11","15",".733","0","1",".000","11","14",".786",".733","6","8",".750","4","7","11","0","1","3","1","6","28"
"333","333","Norman Powell","SG","29","LAC","8","5","207","32","83",".386","8","33",".242","24","50",".480",".434","13","19",".684","4","18","22","11","4","3","21","12","85"
"334","334","Jason Preston","PG","23","LAC","1","0","3","0","1",".000","0","1",".000","0","0","",".000","0","2",".000","0","0","0","0","0","0","0","0","0"
"335","335","Joshua Primo","SG","20","SAS","4","0","93","9","26",".346","3","12",".250","6","14",".429",".404","7","9",".778","2","11","13","18","1","2","11","8","28"
"336","336","Taurean Prince","SF","28","MIN","8","0","149","24","41",".585","14","27",".519","10","14",".714",".756","3","4",".750","3","20","23","10","4","1","6","22","65"
"337","337","Payton Pritchard","PG","25","BOS","3","0","17","2","7",".286","2","4",".500","0","3",".000",".429","1","2",".500","0","1","1","4","0","0","2","2","7"
"338","338","Immanuel Quickley","PG","23","NYK","7","0","163","21","56",".375","9","29",".310","12","27",".444",".455","12","16",".750","6","36","42","28","4","1","12","9","63"
"339","339","Julius Randle","PF","28","NYK","7","7","228","43","101",".426","6","29",".207","37","72",".514",".455","32","46",".696","15","47","62","23","8","2","17","29","124"
"340","340","Austin Reaves","SG","24","LAL","7","1","172","16","32",".500","8","20",".400","8","12",".667",".625","11","12",".917","3","14","17","12","4","1","6","9","51"
"341","341","Cam Reddish","SF","23","NYK","7","0","128","22","46",".478","7","19",".368","15","27",".556",".554","4","5",".800","2","14","16","5","3","3","7","13","55"
"342","342","Davon Reed","SG","27","DEN","5","0","32","1","7",".143","1","4",".250","0","3",".000",".214","1","2",".500","0","3","3","1","3","0","4","4","4"
"343","343","Paul Reed","C","23","PHI","6","0","27","1","5",".200","0","0","","1","5",".200",".200","0","0","","1","4","5","1","3","1","1","4","2"
"344","344","Naz Reid","C","23","MIN","6","0","65","19","31",".613","4","10",".400","15","21",".714",".677","4","6",".667","4","10","14","3","4","4","1","6","46"
"345","345","Nick Richards","C","25","CHO","8","0","160","32","49",".653","0","0","","32","49",".653",".653","19","28",".679","24","27","51","8","0","5","5","15","83"
"346","346","Josh Richardson","SG","29","SAS","7","2","166","27","59",".458","16","37",".432","11","22",".500",".593","10","10","1.000","1","16","17","25","6","1","10","13","80"
"347","347","Austin Rivers","SG","30","MIN","4","0","27","0","4",".000","0","1",".000","0","3",".000",".000","0","0","","0","2","2","1","0","0","0","0","0"
"348","348","Duncan Robinson","SF","28","MIA","9","0","135","19","49",".388","14","35",".400","5","14",".357",".531","4","4","1.000","3","20","23","12","0","0","3","17","56"
"349","349","Mitchell Robinson","C","24","NYK","7","7","162","23","33",".697","0","0","","23","33",".697",".697","6","14",".429","27","22","49","7","3","18","5","26","52"
"350","350","Jeremiah Robinson-Earl","PF","22","OKC","7","5","120","18","35",".514","8","19",".421","10","16",".625",".629","5","5","1.000","5","20","25","7","9","2","2","13","49"
"351","351","Isaiah Roby","PF","24","SAS","5","0","52","6","14",".429","2","6",".333","4","8",".500",".500","1","3",".333","3","9","12","6","5","2","2","4","15"
"352","352","David Roddy","PF","21","MEM","8","0","160","16","52",".308","7","31",".226","9","21",".429",".375","5","6",".833","7","18","25","8","7","3","5","17","44"
"353","353","Ryan Rollins","PG","20","GSW","3","0","4","0","1",".000","0","0","","0","1",".000",".000","0","0","","0","1","1","1","0","0","1","2","0"
"354","354","Derrick Rose","PG","34","NYK","7","0","95","21","42",".500","9","19",".474","12","23",".522",".607","3","3","1.000","2","13","15","17","1","1","7","5","54"
"355","355","Terrence Ross","SG","31","ORL","8","8","220","31","67",".463","15","37",".405","16","30",".533",".575","4","6",".667","4","18","22","10","6","2","3","18","81"
"356","356","Terry Rozier","PG","28","CHO","2","2","66","17","43",".395","6","15",".400","11","28",".393",".465","7","8",".875","4","10","14","17","1","3","6","2","47"
"357","357","D'Angelo Russell","PG","26","MIN","8","8","241","41","104",".394","12","43",".279","29","61",".475",".452","18","23",".783","6","27","33","46","13","6","25","16","112"
"358","358","Matt Ryan","SF","25","LAL","5","0","70","11","26",".423","9","20",".450","2","6",".333",".596","0","0","","1","4","5","1","1","0","2","8","31"
"359","359","Domantas Sabonis","PF","26","SAC","7","7","212","38","71",".535","1","8",".125","37","63",".587",".542","26","38",".684","16","58","74","43","6","5","16","30","103"
"360","360","Dario Šarić","PF","28","PHO","2","0","7","1","2",".500","1","1","1.000","0","1",".000",".750","0","0","","1","2","3","1","1","0","0","1","3"
"361","361","Jordan Schakel","SF","24","WAS","2","0","6","1","2",".500","1","1","1.000","0","1",".000",".750","0","0","","0","0","0","1","1","0","0","1","3"
"362","362","Admiral Schofield","PF","25","ORL","2","0","17","2","3",".667","1","2",".500","1","1","1.000",".833","0","0","","0","2","2","0","0","0","0","4","5"
"363","363","Dereon Seabron","SG","22","NOP","2","0","3","0","0","","0","0","","0","0","","","0","0","","0","0","0","0","0","0","0","0","0"
"364","364","Alperen Şengün","C","20","HOU","7","4","190","42","74",".568","3","11",".273","39","63",".619",".588","30","38",".789","26","46","72","11","4","7","12","24","117"
"365","365","Collin Sexton","SG","24","UTA","9","1","188","39","84",".464","10","28",".357","29","56",".518",".524","31","37",".838","10","15","25","16","8","1","15","21","119"
"366","366","Landry Shamet","SG","25","PHO","5","0","78","10","25",".400","7","18",".389","3","7",".429",".540","6","8",".750","1","2","3","5","5","0","3","8","33"
"367","367","Day'Ron Sharpe","C","21","BRK","5","0","71","8","18",".444","0","1",".000","8","17",".471",".444","4","8",".500","9","15","24","5","3","5","5","18","20"
"368","368","Shaedon Sharpe","SG","19","POR","7","2","136","23","50",".460","6","15",".400","17","35",".486",".520","6","9",".667","8","12","20","4","4","2","5","17","58"
"369","369","Pascal Siakam","C","28","TOR","8","8","289","73","153",".477","13","36",".361","60","117",".513",".520","46","63",".730","12","65","77","63","7","5","22","25","205"
"370","370","Ben Simmons","PG","26","BRK","6","6","191","15","34",".441","0","1",".000","15","33",".455",".441","7","15",".467","6","33","39","44","7","4","16","26","37"
"371","371","Marko Simonovic","C","23","CHI","1","0","2","0","1",".000","0","1",".000","0","0","",".000","0","0","","0","0","0","0","0","0","0","0","0"
"372","372","Anfernee Simons","SG","23","POR","7","7","257","55","126",".437","26","70",".371","29","56",".518",".540","18","20",".900","3","17","20","27","6","2","20","19","154"
"373","373","Jericho Sims","C","24","NYK","2","0","3","0","0","","0","0","","0","0","","","0","0","","0","1","1","0","0","0","0","0","0"
"374","374","Marcus Smart","PG","28","BOS","7","7","242","23","67",".343","9","41",".220","14","26",".538",".410","18","20",".900","2","23","25","42","8","2","12","20","73"
"375","375","Dennis Smith Jr.","PG","25","CHO","8","6","247","42","85",".494","8","19",".421","34","66",".515",".541","4","7",".571","6","28","34","51","18","4","14","19","96"
"376","376","Dru Smith","SG","25","MIA","1","0","6","1","3",".333","0","2",".000","1","1","1.000",".333","0","0","","0","1","1","0","1","0","0","1","2"
"377","377","Ish Smith","PG","34","DEN","5","0","23","2","8",".250","0","1",".000","2","7",".286",".250","0","0","","0","2","2","2","0","1","4","4","4"
"378","378","Jabari Smith Jr.","PF","19","HOU","9","9","276","32","105",".305","17","56",".304","15","49",".306",".386","16","18",".889","10","45","55","7","2","11","10","32","97"
"379","379","Jalen Smith","PF","22","IND","8","8","202","36","79",".456","8","28",".286","28","51",".549",".506","15","22",".682","17","52","69","7","2","8","10","18","95"
"380","380","Jeremy Sochan","PF","19","SAS","7","7","151","22","49",".449","4","19",".211","18","30",".600",".490","2","5",".400","7","21","28","12","6","3","7","17","50"
"381","381","Jaden Springer","PG","20","PHI","2","0","4","2","3",".667","0","0","","2","3",".667",".667","1","2",".500","1","1","2","0","0","1","0","1","5"
"382","382","Lamar Stevens","PF","25","CLE","2","0","4","0","1",".000","0","0","","0","1",".000",".000","0","0","","0","1","1","0","0","0","0","0","0"
"383","383","Isaiah Stewart","C","21","DET","9","9","265","37","81",".457","10","37",".270","27","44",".614",".519","37","50",".740","27","66","93","11","3","5","7","23","121"
"384","384","Max Strus","SF","26","MIA","9","2","281","46","103",".447","24","66",".364","22","37",".595",".563","9","12",".750","8","31","39","17","4","5","8","19","125"
"385","385","Jalen Suggs","PG","21","ORL","3","2","70","12","30",".400","5","18",".278","7","12",".583",".483","4","6",".667","2","3","5","8","7","1","11","10","33"
"386","386","Edmond Sumner","SG","27","BRK","6","0","77","9","25",".360","0","8",".000","9","17",".529",".360","13","13","1.000","0","5","5","11","2","1","6","4","31"
"387","387","Cole Swider","SF","23","LAL","1","0","2","0","1",".000","0","1",".000","0","0","",".000","0","0","","0","1","1","1","0","0","0","0","0"
"388","388","Jae'Sean Tate","SF","27","HOU","3","2","68","10","20",".500","2","5",".400","8","15",".533",".550","3","4",".750","8","5","13","10","3","0","5","15","25"
"389","389","Jayson Tatum","PF","24","BOS","7","7","261","72","136",".529","22","58",".379","50","78",".641",".610","45","49",".918","6","50","56","27","6","10","21","10","211"
"390","390","Terry Taylor","SG","23","IND","6","2","88","7","20",".350","2","7",".286","5","13",".385",".400","3","4",".750","6","9","15","5","2","4","1","9","19"
"391","391","Garrett Temple","SG","36","NOP","2","0","21","2","4",".500","2","4",".500","0","0","",".750","0","0","","0","1","1","1","1","0","0","2","6"
"392","392","Dalen Terry","SG","20","CHI","5","0","12","0","5",".000","0","2",".000","0","3",".000",".000","0","0","","0","1","1","1","0","1","2","1","0"
"393","393","Cam Thomas","SG","21","BRK","3","0","14","1","4",".250","0","1",".000","1","3",".333",".250","0","0","","0","0","0","1","0","0","0","0","2"
"394","394","Klay Thompson","SG","32","GSW","7","7","180","34","97",".351","18","61",".295","16","36",".444",".443","7","8",".875","1","18","19","17","2","2","12","10","93"
"395","395","JT Thor","PF","20","CHO","7","0","75","5","14",".357","1","9",".111","4","5",".800",".393","3","4",".750","3","12","15","2","1","4","3","6","14"
"396","396","Matisse Thybulle","SG","25","PHI","8","1","80","4","12",".333","2","7",".286","2","5",".400",".417","1","3",".333","1","7","8","5","5","2","1","7","11"
"397","397","Xavier Tillman Sr.","PF","24","MEM","5","0","59","10","18",".556","1","3",".333","9","15",".600",".583","2","7",".286","8","9","17","3","0","2","4","3","23"
"398","398","Isaiah Todd","PF","21","WAS","3","0","9","1","3",".333","0","2",".000","1","1","1.000",".333","0","0","","0","0","0","0","0","0","0","0","2"
"399","399","Obi Toppin","PF","24","NYK","7","0","112","28","54",".519","11","24",".458","17","30",".567",".620","2","2","1.000","6","18","24","9","1","1","5","5","69"
"400","400","Juan Toscano-Anderson","SF","29","LAL","4","0","66","6","15",".400","1","8",".125","5","7",".714",".433","1","1","1.000","0","13","13","3","2","0","3","7","14"
"401","401","Karl-Anthony Towns","PF","27","MIN","8","8","284","61","129",".473","17","48",".354","44","81",".543",".539","34","38",".895","16","50","66","44","5","4","27","27","173"
"402","402","Gary Trent Jr.","SG","24","TOR","8","8","285","58","129",".450","26","68",".382","32","61",".525",".550","18","23",".783","8","9","17","11","11","1","7","8","160"
"403","403","P.J. Tucker","PF","37","PHI","9","9","258","22","37",".595","10","19",".526","12","18",".667",".730","2","2","1.000","13","25","38","5","5","4","10","26","56"
"404","404","Myles Turner","C","26","IND","3","3","77","10","29",".345","3","11",".273","7","18",".389",".397","16","19",".842","3","18","21","6","1","11","8","9","39"
"405","405","Jonas Valančiūnas","C","30","NOP","7","7","180","39","77",".506","4","11",".364","35","66",".530",".532","27","30",".900","26","47","73","19","4","3","11","15","109"
"406","406","Jarred Vanderbilt","PF","23","UTA","9","9","228","33","59",".559","5","10",".500","28","49",".571",".602","10","15",".667","20","56","76","27","14","5","18","35","81"
"407","407","Fred VanVleet","PG","28","TOR","6","6","228","24","68",".353","14","37",".378","10","31",".323",".456","18","21",".857","6","18","24","46","15","4","7","16","80"
"408","408","Devin Vassell","SG","22","SAS","4","4","130","27","66",".409","13","33",".394","14","33",".424",".508","12","16",".750","1","19","20","18","5","0","4","5","79"
"409","409","Gabe Vincent","PG","26","MIA","9","0","207","23","63",".365","8","31",".258","15","32",".469",".429","11","14",".786","4","16","20","31","6","1","14","22","65"
"410","410","Noah Vonleh","C","27","BOS","6","1","73","7","13",".538","0","0","","7","13",".538",".538","0","0","","9","10","19","1","2","6","5","17","14"
"411","411","Nikola Vučević","C","32","CHI","9","9","280","49","119",".412","14","40",".350","35","79",".443",".471","28","30",".933","30","81","111","25","2","8","19","22","140"
"412","412","Dean Wade","PF","26","CLE","7","3","174","23","39",".590","15","27",".556","8","12",".667",".782","8","11",".727","4","21","25","9","3","2","3","16","69"
"413","413","Franz Wagner","SF","21","ORL","8","8","270","51","118",".432","7","36",".194","44","82",".537",".462","17","20",".850","11","21","32","35","8","4","23","16","126"
"414","414","Jabari Walker","SF","20","POR","3","0","13","2","3",".667","0","1",".000","2","2","1.000",".667","0","0","","1","4","5","3","0","0","0","0","4"
"415","415","Lonnie Walker IV","SG","24","LAL","7","7","229","42","96",".438","12","41",".293","30","55",".545",".500","17","22",".773","5","18","23","16","8","7","10","13","113"
"416","416","John Wall","PG","32","LAC","6","0","122","29","63",".460","4","18",".222","25","45",".556",".492","13","21",".619","3","9","12","27","6","2","11","8","75"
"417","417","Duane Washington Jr.","SG","22","PHO","3","0","4","1","4",".250","0","2",".000","1","2",".500",".250","0","0","","0","0","0","0","0","0","0","0","2"
"418","418","P.J. Washington","PF","24","CHO","8","8","249","50","110",".455","16","42",".381","34","68",".500",".527","12","14",".857","9","29","38","15","3","10","16","24","128"
"419","419","Yuta Watanabe","SF","28","BRK","7","0","108","12","20",".600","7","12",".583","5","8",".625",".775","0","2",".000","2","11","13","2","0","3","2","8","31"
"420","420","Lindy Waters III","SG","25","OKC","2","0","16","1","6",".167","1","6",".167","0","0","",".250","0","0","","1","1","2","0","0","0","0","0","3"
"421","421","Peyton Watson","SG","20","DEN","4","0","9","3","7",".429","0","0","","3","7",".429",".429","0","0","","2","1","3","0","0","0","0","1","6"
"422","422","Blake Wesley","SG","19","SAS","2","0","23","6","9",".667","2","3",".667","4","6",".667",".778","2","4",".500","1","1","2","4","0","0","2","3","16"
"423","423","Russell Westbrook","PG","34","LAL","6","3","175","29","77",".377","5","24",".208","24","53",".453",".409","17","24",".708","7","36","43","33","7","2","19","14","80"
"424","424","Coby White","PG","22","CHI","7","0","153","21","55",".382","10","34",".294","11","21",".524",".473","5","9",".556","1","11","12","12","5","0","6","14","57"
"425","425","Derrick White","SG","28","BOS","7","7","189","21","48",".438","11","26",".423","10","22",".455",".552","8","10",".800","4","20","24","22","4","5","5","23","61"
"426","426","Jack White","SF","25","DEN","2","0","4","0","0","","0","0","","0","0","","","0","0","","0","1","1","0","1","0","0","0","0"
"427","427","Aaron Wiggins","SG","24","OKC","6","3","145","14","35",".400","5","15",".333","9","20",".450",".471","7","9",".778","6","26","32","9","4","2","4","7","40"
"428","428","Andrew Wiggins","SF","27","GSW","8","8","267","54","117",".462","19","49",".388","35","68",".515",".543","15","19",".789","15","33","48","23","11","9","5","24","142"
"429","429","Grant Williams","PF","24","BOS","6","0","155","19","30",".633","12","21",".571","7","9",".778",".833","9","11",".818","4","23","27","9","3","6","2","18","59"
"430","430","Jalen Williams","SG","21","OKC","3","1","54","10","17",".588","1","4",".250","9","13",".692",".618","3","3","1.000","0","4","4","4","6","1","7","7","24"
"431","431","Jaylin Williams","PF","20","OKC","1","0","8","2","4",".500","0","0","","2","4",".500",".500","0","1",".000","3","3","6","2","0","0","0","2","4"
"432","432","Kenrich Williams","PF","28","OKC","6","2","125","17","35",".486","4","12",".333","13","23",".565",".543","1","3",".333","11","14","25","10","3","2","3","11","39"
"433","433","Mark Williams","C","21","CHO","3","0","13","4","7",".571","0","0","","4","7",".571",".571","3","3","1.000","4","4","8","0","0","0","2","3","11"
"434","434","Patrick Williams","PF","21","CHI","9","9","212","30","61",".492","8","23",".348","22","38",".579",".557","10","11",".909","7","19","26","5","9","6","13","12","78"
"435","435","Vince Williams Jr.","SG","22","MEM","2","0","11","1","5",".200","0","4",".000","1","1","1.000",".200","0","0","","1","2","3","1","1","0","0","2","2"
"436","436","Zion Williamson","PF","22","NOP","5","5","158","48","95",".505","0","1",".000","48","94",".511",".505","18","26",".692","12","25","37","21","7","2","13","12","114"
"437","437","Justise Winslow","SF","26","POR","6","0","148","15","42",".357","3","9",".333","12","33",".364",".393","7","10",".700","12","18","30","18","10","4","7","11","40"
"438","438","James Wiseman","C","21","GSW","8","0","112","27","44",".614","0","0","","27","44",".614",".614","12","19",".632","8","23","31","6","0","4","6","20","66"
"439","439","Christian Wood","PF","27","DAL","7","0","179","43","73",".589","11","23",".478","32","50",".640",".664","24","37",".649","11","48","59","5","1","4","17","19","121"
"440","440","Delon Wright","PG","30","WAS","4","0","91","10","24",".417","3","12",".250","7","12",".583",".479","3","5",".600","4","6","10","13","11","4","4","5","26"
"441","441","McKinley Wright IV","PG","24","DAL","1","0","5","1","4",".250","0","1",".000","1","3",".333",".250","0","0","","1","1","2","2","1","0","0","0","2"
"442","442","Thaddeus Young","PF","34","TOR","5","0","40","5","12",".417","1","5",".200","4","7",".571",".458","1","2",".500","2","5","7","3","5","0","1","4","12"
"443","443","Trae Young","PG","24","ATL","8","8","273","69","179",".385","20","63",".317","49","116",".422",".441","62","68",".912","7","22","29","75","4","1","25","13","220"
"444","444","Ivica Zubac","C","25","LAC","8","8","230","30","51",".588","0","1",".000","30","50",".600",".588","13","22",".591","21","68","89","11","2","21","17","23","73"
